frame,timestamp,hip_angle,knee_angle,elbow_angle
1,0.0,172.159,165.9545,167.9477
2,0.0333,173.1485,167.0356,168.2737
3,0.0667,173.7485,167.4816,166.4988
4,0.1,174.9822,168.1086,164.188
5,0.1333,174.53,166.7635,164.0282
6,0.1666,174.5305,166.4841,163.8061
7,0.2,174.2,166.583,165.1893
8,0.2333,174.6229,167.843,164.2838
9,0.2666,176.7679,172.5737,166.4451
10,0.2999,175.3155,171.3711,167.0194
11,0.3333,176.5825,173.0383,167.843
12,0.3666,179.6484,176.1898,167.643
13,0.3999,179.2156,175.6565,164.8964
14,0.4332,178.9273,175.9628,165.0529
15,0.4666,179.0851,173.6246,161.6209
16,0.4999,178.8335,173.6557,161.8938
17,0.5332,175.2557,167.9505,155.3737
18,0.5665,175.1708,169.5157,160.787
19,0.5999,170.0384,164.5632,161.914
20,0.6332,164.8285,161.4573,164.2368
21,0.6665,164.4182,160.7919,163.2558
22,0.6998,161.9698,155.7303,165.7503
23,0.7332,162.5389,154.2724,167.6887
24,0.7665,166.0702,156.5158,166.4527
25,0.7998,167.788,157.5212,163.187
26,0.8332,168.1721,156.7442,160.8004
27,0.8665,168.8153,158.627,159.2862
28,0.8998,171.3278,161.0127,157.2923
29,0.9331,173.6139,163.7571,159.6651
30,0.9665,176.203,166.9011,163.9253
31,0.9998,179.4689,171.9558,168.3359
32,1.0331,177.0557,172.0727,166.616
33,1.0664,173.7911,169.9972,164.5428
35,1.1331,149.1671,179.6371,116.6678
36,1.1664,157.4864,173.9037,121.669
37,1.1997,168.5636,179.8428,116.3848
38,1.2331,163.5084,177.2825,116.3074
39,1.2664,160.4534,176.2184,124.8446
40,1.2997,160.6373,177.8506,121.1111
41,1.333,161.4596,178.0172,126.7857
42,1.3664,164.8992,175.4885,133.0192
43,1.3997,170.0767,173.094,143.9478
44,1.433,169.5287,173.0287,138.5431
45,1.4663,173.8726,179.8681,144.1384
46,1.4997,173.3776,179.2931,149.2612
47,1.533,172.8915,175.884,150.4697
48,1.5663,171.8969,174.1314,149.6451
49,1.5997,171.6478,171.0909,148.3725
50,1.633,171.931,173.931,143.833
51,1.6663,173.0231,177.4408,151.9109
52,1.6996,173.2314,173.5489,155.4623
53,1.733,173.2649,174.9228,156.2397
54,1.7663,175.6174,178.7708,156.2142
55,1.7996,178.059,179.7852,159.8127
56,1.8329,177.1236,177.8781,162.9161
57,1.8663,171.3606,173.4187,164.7845
58,1.8996,168.5978,173.5284,164.5063
59,1.9329,169.0129,175.9611,164.2345
60,1.9662,170.0565,173.6584,165.5687
61,1.9996,165.5395,170.6004,167.3545
62,2.0329,161.7382,167.3553,173.8111
63,2.0662,162.2253,168.9898,169.0527
64,2.0995,160.9134,166.6197,177.56
65,2.1329,158.8378,163.6374,178.1829
66,2.1662,160.9718,161.8694,177.9997
67,2.1995,164.1126,164.5017,171.8944
68,2.2328,165.079,166.1075,169.4899
69,2.2662,164.1987,163.5534,166.1433
70,2.2995,164.0497,173.4432,165.4761
71,2.3328,163.7328,175.2312,164.0854
72,2.3662,163.1762,178.8608,162.6029
73,2.3995,161.0678,176.7411,173.9832
74,2.4328,157.7048,164.9745,175.3193
75,2.4661,167.0579,156.7634,174.0363
76,2.4995,172.4734,156.7643,174.103
77,2.5328,174.6724,155.9376,164.7917
78,2.5661,174.964,146.2641,156.8755
79,2.5994,173.6215,147.738,153.6917
80,2.6328,169.8849,152.4986,152.5062
81,2.6661,173.8616,134.1133,145.5029
82,2.6994,159.4584,116.3562,145.275
83,2.7327,120.2334,76.242,143.1612
84,2.7661,94.5272,61.599,140.2194
85,2.7994,138.3662,102.2604,145.0723
86,2.8327,162.8747,126.3458,144.9858
87,2.866,161.0024,136.9435,146.5859
88,2.8994,146.6654,134.4981,145.969
89,2.9327,156.2822,131.8411,146.6568
90,2.966,161.5251,123.913,147.8077
91,2.9993,164.8978,148.4711,146.8405
92,3.0327,140.3191,116.2282,144.1272
93,3.066,124.0517,103.8992,141.4347
94,3.0993,142.4451,106.9301,145.5272
95,3.1327,129.0064,97.8624,144.7495
96,3.166,135.2729,88.5897,132.3678
97,3.1993,131.6437,104.636,132.4116
99,3.266,178.3589,173.3194,174.0469
100,3.2993,178.2123,173.5466,169.3359
101,3.3326,177.8721,173.6161,165.4831
102,3.3659,177.4611,173.7601,163.1932
103,3.3993,176.4145,176.1111,162.5929
104,3.4326,176.9424,175.36,162.311
105,3.4659,179.0982,172.3861,162.107
106,3.4992,179.972,170.2811,161.5156
107,3.5326,179.9074,170.432,161.5894
108,3.5659,179.2044,168.5531,161.2915
109,3.5992,179.1424,169.2725,161.3459
110,3.6325,178.6822,168.1274,161.0561
111,3.6659,179.0224,169.2938,161.2587
112,3.6992,178.8356,168.8559,161.2098
113,3.7325,178.9307,168.8877,161.2365
114,3.7658,179.0631,168.5288,160.9807
115,3.7992,179.557,170.0363,161.2438
116,3.8325,178.5821,167.7474,161.307
117,3.8658,179.6628,169.0959,161.5463
118,3.8992,179.1106,171.5996,161.1567
119,3.9325,179.773,169.9748,161.4249
120,3.9658,178.4519,171.5548,161.5473
121,3.9991,179.6078,171.6699,161.7644
122,4.0325,179.4956,171.6843,161.7857
123,4.0658,178.8502,171.5399,162.1055
124,4.0991,178.4128,171.0634,162.1979
125,4.1324,178.5662,172.8128,162.304
126,4.1658,178.148,172.5981,162.2121
127,4.1991,177.7576,174.8062,162.5791
128,4.2324,178.9565,171.2254,162.3569
129,4.2657,178.7815,171.709,162.3811
130,4.2991,179.2379,170.4399,162.4133
131,4.3324,179.4759,169.8816,162.1158
132,4.3657,179.7368,169.3076,161.923
133,4.399,179.5325,168.3351,162.0544
134,4.4324,178.8206,171.538,162.1886
135,4.4657,178.8621,171.4049,162.1608
136,4.499,179.4203,170.1569,162.2119
137,4.5323,178.3217,171.7305,162.1793
138,4.5657,177.7442,172.3182,162.1141
139,4.599,178.0164,172.6963,162.2699
140,4.6323,178.2706,170.8416,161.8443
141,4.6656,176.3475,174.9913,161.8944
142,4.699,177.5294,172.905,162.1805
143,4.7323,177.7268,171.7989,162.0902
144,4.7656,178.4412,171.6611,162.2636
145,4.799,179.4869,169.3239,161.363
146,4.8323,178.6225,171.0025,161.6025
147,4.8656,179.5564,170.0005,161.7242
148,4.8989,179.8133,168.5782,161.4547
149,4.9323,179.9729,168.2741,161.4971
150,4.9656,179.4011,169.4664,161.5013
151,4.9989,179.9008,168.7162,161.465
152,5.0322,179.9672,168.5315,161.6101
153,5.0656,179.7204,170.1899,162.0363
154,5.0989,179.3746,168.439,161.9225
155,5.1322,179.1074,171.3985,161.9566
156,5.1655,178.7324,172.0726,161.9553
157,5.1989,178.0729,172.3904,162.0476
158,5.2322,178.2693,172.6495,162.8075
159,5.2655,179.3273,170.6834,162.7407
160,5.2988,179.9291,169.5914,162.6512
161,5.3322,177.8632,166.2449,162.5352
162,5.3655,177.6867,166.4762,162.1558
163,5.3988,177.5437,166.4681,161.9206
164,5.4321,176.7633,165.9928,161.8477
165,5.4655,176.5514,165.784,161.9565
166,5.4988,177.0871,165.7368,161.8127
167,5.5321,176.9842,165.4363,162.026
168,5.5655,177.1818,165.6925,162.0652
169,5.5988,178.7115,168.2855,161.9348
170,5.6321,178.901,168.0179,160.7786
171,5.6654,178.8483,172.1992,158.9741
172,5.6988,177.0433,175.2698,159.6554
173,5.7321,177.2184,174.9646,158.9055
174,5.7654,177.0492,174.7127,159.7049
175,5.7987,177.0368,174.5653,159.8956
176,5.8321,177.1632,174.6987,159.7283
177,5.8654,176.775,175.2621,159.092
178,5.8987,177.2072,175.1656,158.5687
179,5.932,176.9709,175.7419,159.1725
180,5.9654,177.4868,174.5145,159.1431
181,5.9987,178.6238,172.8582,158.3039
182,6.032,178.6644,172.5995,157.948
183,6.0653,178.6699,172.795,157.6404
184,6.0987,179.2552,169.1604,156.4527
185,6.132,179.04,167.8231,151.3752
186,6.1653,178.7782,170.977,135.8227
187,6.1986,174.5506,178.7139,120.7601
188,6.232,172.704,178.1523,105.1351
189,6.2653,171.3266,177.2546,91.4993
190,6.2986,171.2476,177.9705,94.2154
191,6.332,169.3214,177.9564,86.4013
192,6.3653,168.1404,179.2654,81.6935
193,6.3986,167.7298,179.9806,72.6538
194,6.4319,167.5335,179.2648,65.5771
195,6.4653,167.7078,178.7306,62.1871
196,6.4986,167.8474,178.33,61.2647
197,6.5319,168.2487,178.1779,60.0238
198,6.5652,168.8376,178.121,61.5668
199,6.5986,169.065,178.8349,62.5636
200,6.6319,169.1795,179.717,64.0165
201,6.6652,169.0965,179.7332,64.5421
202,6.6985,168.8741,179.9066,64.7343
203,6.7319,168.7122,179.7973,65.7692
204,6.7652,168.5133,179.8633,67.4514
205,6.7985,168.5365,179.8508,67.846
206,6.8318,168.8836,179.9143,69.6778
207,6.8652,169.9166,179.6185,68.0562
208,6.8985,170.1426,179.5546,66.7205
209,6.9318,170.2687,179.862,66.2846
210,6.9651,170.7375,179.8313,65.3445
211,6.9985,170.8507,179.887,65.9396
212,7.0318,171.2241,179.9564,64.5569
213,7.0651,171.1568,179.9701,62.4132
214,7.0985,171.1673,179.6527,62.1292
215,7.1318,171.1549,179.6173,61.0029
216,7.1651,170.9769,179.4153,60.7959
217,7.1984,170.9342,178.9086,62.6428
218,7.2318,170.5305,179.0361,62.6729
219,7.2651,170.0253,179.1071,62.1002
220,7.2984,169.5601,178.8637,62.8233
221,7.3317,168.9161,178.3257,64.5972
222,7.3651,167.9691,178.7737,64.8579
223,7.3984,167.8401,178.3849,64.7091
224,7.4317,168.3003,178.791,65.2343
225,7.465,169.3847,179.359,69.8452
226,7.4984,169.2323,179.3459,85.306
227,7.5317,170.1865,179.7391,95.5713
228,7.565,170.6497,179.8142,107.0019
229,7.5983,169.7113,179.3666,111.3173
230,7.6317,169.9626,179.4856,109.7364
231,7.665,169.8764,179.8404,107.2336
232,7.6983,170.2777,179.0726,105.1043
233,7.7316,169.0083,177.08,102.8023
234,7.765,169.6412,176.5352,110.4841
235,7.7983,169.2388,176.4577,125.0402
236,7.8316,170.7463,179.0578,140.9502
237,7.865,172.2131,179.1373,151.2195
238,7.8983,174.8984,179.5279,159.8702
239,7.9316,178.0069,175.3478,161.6541
240,7.9649,172.1829,170.0928,164.2519
241,7.9983,165.2854,163.3615,170.7525
242,8.0316,160.0555,159.4496,169.8564
243,8.0649,154.3848,156.8223,170.6532
244,8.0982,150.261,152.8216,170.7906
245,8.1316,143.5164,143.7002,172.4004
246,8.1649,137.3222,135.1482,173.777
247,8.1982,129.7962,125.372,176.0072
248,8.2315,124.125,117.2857,176.1609
249,8.2649,117.2978,107.4325,176.4683
250,8.2982,108.3153,95.6278,175.7625
251,8.3315,96.5469,88.3259,173.5912
252,8.3648,83.4923,78.8447,174.3002
253,8.3982,72.5307,72.1967,173.3657
254,8.4315,60.5941,66.5316,170.8765
255,8.4648,53.7501,63.916,171.8877
256,8.4981,47.4645,58.1871,173.8684
257,8.5315,41.1764,53.4249,170.3963
258,8.5648,35.462,49.4405,168.5465
259,8.5981,30.0544,46.6169,166.2592
260,8.6315,26.2643,46.2247,159.7858
261,8.6648,24.2568,45.213,156.6958
262,8.6981,22.3763,45.3811,167.7689
263,8.7314,23.0786,47.7181,167.1575
264,8.7648,22.484,50.5127,171.5405
265,8.7981,23.351,54.7227,172.0264
266,8.8314,24.4999,57.8154,169.0026
267,8.8647,26.0186,64.4848,175.8575
268,8.8981,29.716,69.6853,176.0841
269,8.9314,32.3685,74.9414,178.5343
270,8.9647,37.2858,82.209,177.5336
271,8.998,41.7027,86.0101,174.816
272,9.0314,44.9175,87.9647,178.4827
273,9.0647,50.1617,91.0401,177.2953
274,9.098,55.3325,92.88,176.3041
275,9.1313,60.9193,96.6736,175.4899
277,9.198,90.6705,107.3574,179.9689
278,9.2313,92.4624,107.8256,178.392
279,9.2646,99.0516,111.6493,177.1917
280,9.298,109.7757,119.9411,178.0542
281,9.3313,121.4236,128.9381,179.0924
282,9.3646,135.0054,139.4301,179.4805
283,9.398,146.0271,149.1909,178.7487
284,9.4313,148.8848,149.8122,179.8626
285,9.4646,154.4597,151.4207,178.7191
286,9.4979,162.11,159.5103,179.8569
287,9.5313,169.2212,163.7534,179.2305
288,9.5646,174.0666,168.3412,179.6025
289,9.5979,179.7225,171.072,179.899
290,9.6312,177.1814,172.5859,179.5903
291,9.6646,174.8848,174.0105,178.985
292,9.6979,173.9244,174.5624,179.3142
293,9.7312,171.5772,176.3686,179.2465
294,9.7645,170.9434,176.4375,179.7212
295,9.7979,171.4502,176.1011,179.4466
296,9.8312,171.7935,175.966,178.9471
297,9.8645,173.7089,173.9025,178.5067
298,9.8978,175.2234,173.0638,178.3944
299,9.9312,176.6285,171.1507,179.1644
300,9.9645,178.4327,169.7998,179.2493
301,9.9978,179.6612,169.4433,179.2098
302,10.0311,178.5317,168.6811,179.5098
303,10.0645,177.708,168.9433,179.4559
304,10.0978,176.4498,169.3913,179.526
305,10.1311,175.8925,169.4743,179.3546
306,10.1645,175.4449,169.0002,179.3768
307,10.1978,174.2416,167.1581,178.9882
308,10.2311,173.0828,164.7773,178.701
309,10.2644,172.6901,164.5458,178.4854
310,10.2978,171.3314,161.8091,178.2455
311,10.3311,169.2851,158.3178,178.0201
312,10.3644,163.6626,151.554,177.995
313,10.3977,158.8968,146.2134,177.9701
314,10.4311,151.2855,139.0876,178.4527
315,10.4644,146.2478,130.4563,178.158
316,10.4977,134.9437,120.2544,178.8708
317,10.531,123.8956,109.2438,177.3041
318,10.5644,111.676,98.6474,176.5856
319,10.5977,99.7496,89.1385,177.6253
320,10.631,88.5393,80.5719,177.0476
321,10.6643,77.3319,72.3994,175.4072
322,10.6977,68.7882,69.5693,174.4465
323,10.731,61.7656,64.1693,173.0405
324,10.7643,54.4662,60.4398,171.6228
325,10.7976,47.3183,53.3591,170.9741
326,10.831,41.7178,48.8078,171.9084
327,10.8643,36.4,43.5412,172.0707
328,10.8976,33.0593,39.808,171.0967
329,10.931,30.2547,36.5975,170.2367
330,10.9643,28.514,34.7931,167.5189
331,10.9976,27.2837,35.412,168.3161
332,11.0309,26.6813,35.9244,164.7461
333,11.0643,27.6911,37.1361,160.5129
334,11.0976,27.4397,39.0599,169.473
335,11.1309,27.3794,40.2911,169.1711
336,11.1642,27.1267,44.7524,172.1063
337,11.1976,30.4853,50.9462,175.1171
338,11.2309,33.9951,52.3632,178.6349
339,11.2642,38.1232,55.2359,177.9383
340,11.2975,41.2889,56.7382,176.8266
341,11.3309,44.1916,58.9562,175.922
342,11.3642,47.9863,62.4415,175.8584
343,11.3975,53.7245,66.1476,177.6495
344,11.4308,63.1981,75.7083,178.0027
345,11.4642,73.1919,82.5069,177.6715
346,11.4975,79.6162,86.6472,175.7857
347,11.5308,88.8099,91.2027,175.2432
348,11.5641,101.4314,101.0273,177.8779
349,11.5975,112.9726,108.9567,179.8008
350,11.6308,126.6826,119.8498,179.4159
351,11.6641,139.0904,130.6607,179.4013
352,11.6975,146.8011,140.2057,179.8902
353,11.7308,153.5385,148.9247,178.9439
354,11.7641,160.8054,158.387,179.743
355,11.7974,165.7402,165.0892,179.4597
356,11.8308,169.5242,167.0206,179.1208
357,11.8641,172.8367,171.5601,179.2198
358,11.8974,174.6431,173.1348,179.6305
359,11.9307,177.1768,177.8606,178.9813
360,11.9641,178.8188,179.5101,178.6617
361,11.9974,179.9738,178.8852,178.8885
362,12.0307,178.5709,178.0532,179.3187
363,12.064,178.8004,178.2514,178.7509
364,12.0974,179.5027,179.5552,179.214
365,12.1307,178.7232,178.6425,179.2567
366,12.164,175.6282,176.5572,179.2983
367,12.1973,172.9139,174.8546,179.6037
368,12.2307,168.6884,173.6163,179.4552
369,12.264,163.6155,170.7879,179.5183
370,12.2973,156.9983,165.8821,179.6747
371,12.3306,146.2112,152.7948,179.0123
372,12.364,135.5371,136.4147,179.1004
373,12.3973,125.4514,121.9816,177.9534
374,12.4306,114.2193,110.7495,177.8479
375,12.4639,103.9604,101.0739,176.9302
376,12.4973,92.8478,90.2112,175.9272
377,12.5306,81.3453,81.0573,175.9581
378,12.5639,71.1084,72.7375,177.2092
379,12.5973,62.9589,66.6709,175.8043
380,12.6306,54.9262,60.9306,177.2661
381,12.6639,46.5058,51.9961,175.0283
382,12.6972,37.4674,46.3821,161.7783
383,12.7306,34.1938,42.4391,171.3377
384,12.7639,33.011,39.8569,172.5253
385,12.7972,30.3739,35.2894,169.0985
386,12.8305,28.3078,34.6783,161.2023
387,12.8639,28.0897,33.9619,162.2749
388,12.8972,28.3209,34.9163,168.3581
389,12.9305,28.3291,36.6819,169.4013
390,12.9638,28.8893,38.9094,170.1476
391,12.9972,28.7429,42.047,178.4799
392,13.0305,33.0452,51.3119,178.7792
393,13.0638,37.4707,55.8513,178.9481
394,13.0971,41.5558,60.4724,178.7995
395,13.1305,43.8549,62.6092,179.9784
396,13.1638,49.5397,67.2945,179.4874
397,13.1971,56.4675,74.7431,177.3971
398,13.2304,64.8895,83.878,175.6069
399,13.2638,71.6931,88.7359,174.7895
400,13.2971,82.9119,96.496,175.0924
401,13.3304,93.3801,105.7885,176.3749
402,13.3638,103.467,116.756,175.4673
403,13.3971,115.2578,125.6552,175.2767
404,13.4304,125.4701,134.1821,177.4595
405,13.4637,137.0642,146.6071,178.7066
406,13.4971,149.3315,162.5363,179.8952
407,13.5304,156.1094,167.1258,178.8588
408,13.5637,162.5478,173.96,179.0735
409,13.597,167.0901,177.6912,179.0411
410,13.6304,169.1131,178.8263,179.4032
411,13.6637,171.1002,178.3904,179.4456
412,13.697,173.3018,179.2846,178.8626
413,13.7303,173.2839,177.6281,179.4493
414,13.7637,171.875,175.4028,179.5928
415,13.797,169.8464,172.766,179.8993
416,13.8303,166.4133,166.368,179.8404
417,13.8636,160.8203,157.2406,179.8959
418,13.897,153.9312,149.3893,179.8395
419,13.9303,144.5498,138.2144,178.0786
420,13.9636,134.0493,125.6901,177.5758
421,13.9969,123.0227,113.4356,177.7241
422,14.0303,107.6972,102.4986,178.5954
423,14.0636,91.5201,89.3305,178.9027
424,14.0969,80.5629,78.6725,178.3569
425,14.1303,70.3679,68.8796,178.3803
426,14.1636,63.3932,65.9781,178.1399
427,14.1969,56.0645,58.7583,179.461
428,14.2302,47.9728,50.2299,178.5256
429,14.2636,41.595,44.0948,179.0604
430,14.2969,37.2107,39.9737,179.6141
431,14.3302,34.949,36.5295,177.841
432,14.3635,33.2468,34.1167,176.4515
433,14.3969,31.8437,34.3238,176.8112
434,14.4302,32.5633,35.2576,178.8217
435,14.4635,33.2696,37.2202,179.4565
436,14.4968,32.9869,39.6786,179.4831
437,14.5302,32.8046,45.085,175.1939
438,14.5635,34.5952,53.2387,177.4175
439,14.5968,38.026,60.0952,176.8935
440,14.6301,42.0892,66.2327,179.0964
441,14.6635,44.4664,71.0741,178.1165
442,14.6968,47.5824,76.3631,178.2643
443,14.7301,52.3527,84.7512,178.6672
444,14.7634,56.4732,91.7918,179.3476
446,14.8301,70.6858,102.5397,177.8211
447,14.8634,73.5646,105.8542,177.0275
448,14.8968,82.6612,113.1055,177.1659
449,14.9301,93.6335,117.6365,175.8116
450,14.9634,109.49,129.8515,175.8589
451,14.9967,123.1849,144.2514,177.3982
452,15.0301,138.6254,160.5564,178.4015
453,15.0634,147.3429,165.4744,179.6822
454,15.0967,155.5256,172.1219,178.4046
455,15.13,161.158,173.6216,179.3513
456,15.1634,164.0081,174.5076,179.8359
457,15.1967,165.245,174.0753,179.8767
458,15.23,167.8939,174.9759,179.469
459,15.2633,169.6309,175.2136,179.8214
460,15.2967,170.096,174.9702,179.1971
461,15.33,168.8432,174.3604,179.3222
462,15.3633,167.1915,173.783,179.8832
463,15.3966,165.4708,172.6104,179.9051
464,15.43,161.8765,170.3745,179.6692
465,15.4633,152.057,158.0238,179.8843
466,15.4966,141.7417,148.0315,179.1623
467,15.5299,123.0263,125.2015,177.5571
468,15.5633,114.1366,115.0942,177.7036
469,15.5966,102.1068,101.1461,178.7431
470,15.6299,90.6151,91.2517,179.331
471,15.6633,80.8611,80.6226,178.2214
472,15.6966,70.6476,74.6846,178.5966
473,15.7299,62.4471,67.2274,177.3864
474,15.7632,54.7875,62.7509,177.7449
475,15.7966,46.7075,54.1236,176.7297
476,15.8299,40.1147,49.6386,176.9212
477,15.8632,34.6257,43.8746,167.1673
478,15.8965,32.2841,40.9378,175.9149
479,15.9299,29.8406,36.5946,172.6069
480,15.9632,27.1122,34.5875,173.3834
481,15.9965,27.99,35.0025,173.8417
482,16.0298,28.5155,36.3891,173.9977
483,16.0632,30.3416,38.7624,175.2051
484,16.0965,31.0794,40.2744,176.7807
485,16.1298,31.0166,45.7977,175.8625
486,16.1631,33.8971,52.6214,177.4945
487,16.1965,37.947,60.642,174.5849
488,16.2298,41.6046,67.1845,175.7618
489,16.2631,44.815,73.1454,175.1847
490,16.2964,48.5267,76.7197,175.6665
491,16.3298,52.1534,81.4476,175.9728
492,16.3631,58.7866,92.9591,177.7916
494,16.4298,72.756,104.8701,176.4034
495,16.4631,73.096,106.5374,178.0612
496,16.4964,81.1072,115.7352,179.112
497,16.5297,92.0332,120.3983,178.0307
498,16.5631,105.8184,131.4118,177.3202
499,16.5964,120.3163,145.3021,178.6808
500,16.6297,129.3066,151.1903,179.4257
501,16.663,140.1283,159.4671,179.9605
502,16.6964,144.8251,162.6819,179.5607
503,16.7297,149.2382,168.4224,179.0061
504,16.763,154.7279,173.4451,178.9179
505,16.7963,160.6125,178.1781,179.7204
506,16.8297,160.5458,176.9897,178.9857
507,16.863,161.6121,177.0239,179.3147
508,16.8963,160.3633,175.561,178.6949
509,16.9296,160.1581,175.226,178.9497
510,16.963,160.5467,174.434,178.7826
511,16.9963,159.1022,171.8908,178.7652
512,17.0296,153.298,164.3766,178.3513
513,17.0629,145.258,151.269,178.3053
514,17.0963,137.3895,142.0236,179.1967
515,17.1296,127.494,129.8122,179.7013
516,17.1629,118.895,121.5319,179.8314
517,17.1963,111.5048,113.2872,179.0481
518,17.2296,103.2917,104.8702,178.7711
519,17.2629,94.7194,96.54,178.5035
520,17.2962,84.9434,84.8664,177.433
521,17.3296,75.9299,73.8331,177.7545
522,17.3629,66.5819,64.7734,179.6419
523,17.3962,56.9954,59.9014,178.0358
524,17.4295,52.7006,55.0731,177.8813
525,17.4629,46.2892,48.9242,178.8224
527,17.5295,51.4466,30.3743,176.6991
528,17.5628,44.5694,32.4313,176.261
529,17.5962,37.5958,33.8628,171.8602
530,17.6295,31.9563,33.2548,168.442
531,17.6628,29.9217,34.8172,168.0137
532,17.6961,28.0166,37.8388,169.867
533,17.7295,26.4305,41.6124,169.5868
534,17.7628,28.3188,46.3522,170.8585
535,17.7961,31.1192,50.8717,172.6318
536,17.8294,34.2349,55.027,177.0236
537,17.8628,38.6291,58.3506,176.7834
538,17.8961,42.1846,61.7051,178.4155
539,17.9294,45.0683,64.4203,179.1679
540,17.9628,49.7106,70.2436,177.9235
541,17.9961,57.4043,80.5771,178.0142
542,18.0294,62.6761,84.9589,177.1699
543,18.0627,70.6083,90.6444,176.7708
544,18.0961,79.0415,96.3585,176.3504
545,18.1294,89.1577,105.6514,174.943
546,18.1627,100.1299,114.9305,174.0428
547,18.196,111.2853,123.0769,177.1489
548,18.2294,123.3007,132.6913,178.3247
549,18.2627,133.79,143.9059,178.692
550,18.296,144.7588,153.1386,179.9958
551,18.3293,153.0025,160.2006,178.6772
552,18.3627,158.9661,164.354,179.9475
553,18.396,163.5816,168.5293,179.6701
554,18.4293,167.5938,173.8385,179.1727
555,18.4626,171.1163,176.3211,179.1402
556,18.496,173.8858,179.4721,179.7971
557,18.5293,176.5385,179.4073,179.3824
558,18.5626,178.2532,177.7459,179.4835
559,18.5959,179.4907,176.1679,179.9694
560,18.6293,178.1698,175.1356,179.935
561,18.6626,178.7996,176.997,179.648
562,18.6959,178.1858,177.5756,179.9891
563,18.7293,178.426,178.0682,179.6849
564,18.7626,178.4939,178.2353,179.6199
565,18.7959,178.288,178.3863,179.6217
566,18.8292,177.7413,178.052,179.7565
567,18.8626,177.7513,178.0389,179.9378
568,18.8959,177.1717,177.5005,179.5218
569,18.9292,177.2676,177.1917,179.5833
570,18.9625,177.307,177.1947,179.5599
571,18.9959,177.2988,177.0553,179.7602
572,19.0292,176.9487,176.9067,179.5495
573,19.0625,176.6382,177.5344,179.6169
574,19.0958,176.6494,177.7263,179.8283
575,19.1292,176.9853,178.0531,179.3406
576,19.1625,177.2747,178.3278,179.5068
577,19.1958,177.2232,178.3536,179.6076
578,19.2291,177.3308,178.4568,179.6344
579,19.2625,177.2586,178.1186,179.5734
580,19.2958,176.7424,177.1487,179.5798
581,19.3291,176.4281,177.3054,179.5896
582,19.3624,176.2522,177.4299,179.7081
583,19.3958,176.0904,177.5133,179.766
584,19.4291,175.8747,177.5224,179.9123
585,19.4624,175.6929,177.5561,179.8602
586,19.4958,175.6848,177.5803,179.7893
587,19.5291,175.952,178.4913,179.4499
588,19.5624,176.0586,178.6661,179.2962
589,19.5957,175.8319,178.3807,179.1714
590,19.6291,175.5534,178.3211,179.1137
591,19.6624,175.3012,178.092,179.0558
592,19.6957,175.1101,177.8976,179.0063
593,19.729,174.6874,177.8884,178.8127
594,19.7624,174.458,178.1457,179.0306
595,19.7957,174.2868,178.2248,178.9867
596,19.829,174.4391,178.6901,178.859
597,19.8623,174.1735,178.1426,178.7556
598,19.8957,174.7054,178.8339,178.8788
599,19.929,174.7926,179.0783,178.7025
600,19.9623,174.594,179.2378,178.8325
601,19.9956,174.2901,179.203,178.9226
602,20.029,173.8988,179.0206,179.0394
603,20.0623,173.6124,178.4763,178.931
604,20.0956,173.4471,178.1847,178.8574
605,20.1289,173.3286,178.0871,178.8802
606,20.1623,173.4122,178.0284,178.9129
607,20.1956,173.4132,178.1008,178.8852
608,20.2289,173.33,177.9351,178.9441
609,20.2622,173.2227,177.7003,178.9121
610,20.2956,173.3279,177.9388,178.87
611,20.3289,173.1452,177.9503,178.7746
612,20.3622,173.2159,178.1775,178.8214
613,20.3956,173.0171,178.1011,178.7996
614,20.4289,172.943,177.7979,178.7802
615,20.4622,172.9605,177.8469,178.7818
616,20.4955,172.6536,177.8784,178.7784
617,20.5289,172.6086,177.911,178.7195
618,20.5622,172.5769,178.2591,178.644
619,20.5955,172.7394,178.3452,178.6628
620,20.6288,172.858,178.7903,178.8317
621,20.6622,173.0162,178.9654,178.8638
622,20.6955,173.0761,178.9535,178.9772
623,20.7288,172.6318,178.8402,179.0853
624,20.7621,172.6902,178.8533,179.171
625,20.7955,172.4289,178.7105,179.1466
626,20.8288,172.2441,178.7535,179.2468
627,20.8621,171.8534,178.8645,179.1891
628,20.8954,171.3871,178.8914,179.2072
629,20.9288,171.1069,178.937,179.2218
630,20.9621,171.3139,179.28,179.1522
631,20.9954,171.3508,179.3356,179.3299
632,21.0287,171.6,179.8901,179.3885
633,21.0621,171.5385,179.9104,179.4468
634,21.0954,171.368,179.9584,179.3714
635,21.1287,171.3089,179.9392,179.3379
636,21.1621,170.9942,179.7435,179.389
637,21.1954,170.1226,179.5485,179.4318
638,21.2287,169.9858,179.6145,179.464
639,21.262,169.6529,179.0959,179.36
640,21.2954,169.5827,179.113,179.3819
641,21.3287,169.6644,179.2,179.3418
642,21.362,169.6944,179.2556,179.348
643,21.3953,170.013,179.4522,179.3052
644,21.4287,170.3136,179.3826,179.3192
645,21.462,170.5476,179.5033,179.3256
646,21.4953,170.5604,179.7766,179.2977
647,21.5286,170.5627,179.7884,179.3414
648,21.562,170.6571,179.9483,179.3882
649,21.5953,170.6841,179.5012,179.4882
650,21.6286,171.8336,176.6185,178.2299
651,21.6619,172.9162,174.2053,177.026
652,21.6953,177.5453,164.4644,174.2012
653,21.7286,178.2815,162.384,170.9834
654,21.7619,178.0675,162.5255,166.6417
655,21.7952,178.4001,162.4964,163.0753
656,21.8286,178.1463,161.5547,153.1814
657,21.8619,177.3456,157.6966,136.9088
658,21.8952,177.3752,156.9269,121.347
659,21.9286,179.5296,158.7645,99.7656
660,21.9619,177.8956,159.9271,85.9995
661,21.9952,177.5032,160.7183,86.1145
662,22.0285,171.0006,164.8077,88.8966
663,22.0619,167.9679,164.3552,90.0994
664,22.0952,166.8479,164.1912,89.1845
665,22.1285,166.6785,163.8,84.7064
666,22.1618,165.0193,162.922,86.5834
667,22.1952,163.8691,162.1236,90.8742
668,22.2285,162.6012,164.6156,91.5526
669,22.2618,164.3618,164.7577,99.0675
670,22.2951,165.0006,164.5695,108.0131
671,22.3285,164.0075,165.2065,113.9698
672,22.3618,161.6845,170.6853,116.2642
673,22.3951,159.1573,175.8304,118.4175
674,22.4284,158.0952,179.0981,122.2641
675,22.4618,157.7528,179.2224,123.326
676,22.4951,159.0386,179.1329,123.3286
677,22.5284,160.4259,177.212,122.5396
678,22.5617,162.5595,176.2204,121.0287
679,22.5951,164.3852,175.9322,121.0421
680,22.6284,165.8862,176.0166,118.7128
681,22.6617,167.7542,176.3681,119.4092
682,22.6951,169.5547,177.2961,118.964
683,22.7284,170.8044,177.6018,119.0529
684,22.7617,172.2967,178.5009,120.2919
685,22.795,171.3973,173.3316,121.3602
686,22.8284,171.2767,165.1239,122.9581
687,22.8617,170.6783,155.0428,124.3574
688,22.895,171.5507,159.6364,123.9868
689,22.9283,171.4062,160.498,124.1981
690,22.9617,170.88,165.9855,123.0104
691,22.995,170.2089,168.017,118.0653
692,23.0283,169.156,169.2043,110.1861
693,23.0616,167.7724,174.7469,106.1329
694,23.095,166.5531,176.6051,106.8527
695,23.1283,164.7186,169.3103,105.4735
696,23.1616,162.7027,170.5386,109.3982
697,23.1949,160.9152,170.1352,110.6263
698,23.2283,159.4116,169.9809,108.9324
699,23.2616,159.3362,168.5941,117.9376
700,23.2949,161.5864,166.3607,119.5781
701,23.3282,161.6917,171.9634,115.2507
702,23.3616,161.2864,177.3898,117.4908
703,23.3949,161.5974,177.6911,118.5697
704,23.4282,161.6564,175.5255,123.8885
705,23.4616,160.81,176.5995,130.5154
706,23.4949,160.627,172.5951,137.0907
707,23.5282,161.0563,173.1157,140.5796
708,23.5615,162.3575,177.6148,139.1724
709,23.5949,163.6407,172.7846,134.6215
710,23.6282,164.3109,173.0488,132.1236
711,23.6615,165.1446,173.2627,130.405
712,23.6948,165.0956,176.3616,129.3116
713,23.7282,163.6261,178.1482,130.0422
714,23.7615,162.1944,175.5026,132.8504
715,23.7948,163.0493,174.7728,130.9024
716,23.8281,163.3735,176.692,130.6871
717,23.8615,162.3046,179.9464,131.7745
718,23.8948,163.7907,177.5,131.5606
719,23.9281,164.8854,172.3786,131.219
720,23.9614,164.838,173.51,131.931
721,23.9948,165.0284,172.4039,134.4046
722,24.0281,169.4276,172.888,142.1117
723,24.0614,173.1381,176.5037,148.9196
724,24.0947,173.0479,178.4722,164.8897
725,24.1281,170.0018,177.2331,170.6319
726,24.1614,169.5826,178.0298,168.5721
727,24.1947,171.5838,179.8332,167.8624
728,24.2281,172.7642,178.8413,165.195
729,24.2614,173.8894,177.1894,160.3762
730,24.2947,175.3642,178.3533,172.1604
731,24.328,176.9951,140.7922,173.7717
732,24.3614,171.4825,139.7277,176.4677
733,24.3947,175.5455,125.8644,179.5397
734,24.428,173.9711,136.6341,178.6029
735,24.4613,177.5227,123.5823,176.2064
736,24.4947,177.0596,135.15,174.1805
737,24.528,173.7596,142.8554,173.3381
738,24.5613,174.305,149.5334,173.0877
739,24.5946,174.0468,134.9659,174.9906
740,24.628,179.1485,174.7337,174.0154
741,24.6613,178.7715,176.1486,170.1883
742,24.6946,173.0226,173.4325,171.6773
743,24.7279,169.7738,173.7591,172.7251
744,24.7613,167.9779,179.73,172.3886
745,24.7946,166.979,176.4404,174.4892
746,24.8279,164.3695,178.7693,176.8253
747,24.8612,165.2513,179.9692,171.453
748,24.8946,164.7135,179.9766,169.109
749,24.9279,166.0863,179.7391,160.301
750,24.9612,166.6695,179.9204,158.3818
751,24.9946,166.9304,179.7412,162.1124
